name,country
Adrian,Slovensko
Marek,Cesko
Emil,Ukrajina
Adrian,Slovensko
Marek,Cesko
Emil,Ukrajina
Adrian,Slovensko
Marek,Cesko
Maria,Rakusko
Maria,Rakusko
Maria,Rakusko
Sabina,Nemecko
Eva,Slovensko
Sabina,Nemecko
Eva,Slovensko
Renata,Spanielsko
Adrian,Slovensko
Marek,Cesko
Emil,Ukrajina
Adrian,Slovensko
Marek,Cesko
Emil,Ukrajina
Adrian,Slovensko
Marek,Cesko
Maria,Rakusko
Maria,Rakusko
Maria,Rakusko
Sabina,Nemecko
Eva,Slovensko
Sabina,Nemecko
Eva,Slovensko
Renata,Spanielsko
Juan,Spanielsko
Emil,Ukrajina
Adrian,Slovensko
Adrian,Slovensko
Marek,Cesko
Emil,Ukrajina
Adrian,Slovensko
Marek,Cesko
Emil,Ukrajina
Adrian,Slovensko
Marek,Cesko
Maria,Rakusko
Maria,Rakusko
Maria,Rakusko
Sabina,Nemecko
Eva,Slovensko
Sabina,Nemecko
Eva,Slovensko
Renata,Spanielsko
Adrian,Slovensko
Marek,Cesko
Emil,Ukrajina
Adrian,Slovensko
Marek,Cesko
Emil,Ukrajina
Adrian,Slovensko
Marek,Cesko
Maria,Rakusko
Maria,Rakusko
Maria,Rakusko
Sabina,Nemecko
Eva,Slovensko
Sabina,Nemecko
Eva,Slovensko
Renata,Spanielsko
Juan,Spanielsko
Emil,Ukrajina
Adrian,Slovensko
Adrian,Slovensko
Marek,Cesko
Emil,Ukrajina
Adrian,Slovensko
Marek,Cesko
Emil,Ukrajina
Adrian,Slovensko
Marek,Cesko
Maria,Rakusko
Maria,Rakusko
Maria,Rakusko
Sabina,Nemecko
Eva,Slovensko
Sabina,Nemecko
Eva,Slovensko
Renata,Spanielsko
Adrian,Slovensko
Marek,Cesko
Emil,Ukrajina
Adrian,Slovensko
Marek,Cesko
Emil,Ukrajina
Adrian,Slovensko
Marek,Cesko
Maria,Rakusko
Maria,Rakusko
Maria,Rakusko
Sabina,Nemecko
Eva,Slovensko
Sabina,Nemecko
Eva,Slovensko
Renata,Spanielsko
Juan,Spanielsko
Emil,Ukrajina
Adrian,Slovensko
Adrian,Slovensko
Marek,Cesko
Emil,Ukrajina
Adrian,Slovensko
Marek,Cesko
Emil,Ukrajina
Adrian,Slovensko
Marek,Cesko
Maria,Rakusko
Maria,Rakusko
Maria,Rakusko
Sabina,Nemecko
Eva,Slovensko
Sabina,Nemecko
Eva,Slovensko
Renata,Spanielsko
Adrian,Slovensko
Marek,Cesko
Emil,Ukrajina
Adrian,Slovensko
Marek,Cesko
Emil,Ukrajina
Adrian,Slovensko
Marek,Cesko
Maria,Rakusko
Maria,Rakusko
Maria,Rakusko
Sabina,Nemecko
Eva,Slovensko
Sabina,Nemecko
Eva,Slovensko
Renata,Spanielsko
Juan,Spanielsko
Emil,Ukrajina
Adrian,Slovensko